Bug_ID,File_Changes,Lines_Added,Lines_Removed,Code_Complexity,Bug_Report_Length,Reported_By,Module_Affected,Previous_Bugs_in_Module,Time_to_Fix,Severity
B0001,19,108,258,3.84,173,Developer,FMYXI,34,19.44,Low
B0002,4,441,75,7.9,399,Tester,UU6X2,49,49.22,High
B0003,19,70,240,8.99,358,Tester,ZSKTV,22,40.94,Low
B0004,8,90,370,9.89,362,Developer,B6K5C,34,71.87,Medium
B0005,12,321,192,3.1,487,Tester,UIY63,27,48.46,Medium
B0006,8,391,335,4.26,30,Tester,RH3IH,17,71.21,High
B0007,19,23,209,3.9,178,Tester,WOBWY,14,59.17,Medium
B0008,11,270,228,1.45,103,User,EMDSQ,36,72.27,Medium
B0009,17,226,212,7.86,426,User,WKEQG,20,80.31,High
B0010,2,376,298,2.71,71,Tester,8372X,44,69.93,High
B0011,19,63,204,7.37,347,Tester,LMYQ8,39,74.16,Low
B0012,6,69,397,5.79,234,User,6BJ47,9,90.09,High
B0013,11,119,164,5.21,245,User,OAN6C,10,69.31,Low
B0014,2,467,500,8.83,323,Tester,UCMF5,31,6.08,High
B0015,19,439,343,4.18,139,User,U16JM,2,32.9,High
B0016,1,367,98,6.15,404,Developer,78IP5,26,98.21,High
B0017,18,475,439,7.69,276,Tester,ERBCO,50,12.22,Medium
B0018,6,285,348,2.42,119,User,4WF5N,39,1.95,Medium
B0019,14,480,134,5.01,284,Developer,T0WG3,31,43.08,Low
B0020,12,108,168,1.77,208,User,LXE33,17,44.24,Medium
B0021,19,133,150,7.57,218,User,ZS2PK,41,18.6,High
B0022,9,180,288,7.99,478,User,DTVP9,2,43.06,High
B0023,7,7,323,2.24,276,User,3W64P,18,22.15,Low
B0024,3,191,61,7.91,416,Tester,Q6HZZ,35,65.4,Medium
B0025,13,113,189,1.25,308,User,P4TPU,32,71.49,Medium
B0026,20,110,55,1.09,490,Tester,QILW3,29,73.25,High
B0027,19,114,316,1.75,291,User,0HKFD,49,35.92,High
B0028,3,43,416,1.76,74,Developer,BDMVY,45,36.28,Medium
B0029,15,358,66,1.5,47,Tester,KJO0W,15,27.39,High
B0030,2,322,34,4.5,240,Tester,4L6WL,20,55.13,High
B0031,15,183,168,1.08,185,Developer,O36HV,50,74.97,Medium
B0032,14,291,231,2.02,325,Tester,J6GCY,35,65.51,High
B0033,7,368,3,3.19,301,User,CXDQY,42,78.65,Low
B0034,5,432,31,4.87,109,Developer,GIEQA,17,40.61,Medium
B0035,19,351,51,9.25,421,Developer,DPUBV,5,25.3,High
B0036,15,318,216,5.81,375,Developer,WE9AP,47,42.69,High
B0037,3,373,212,9.16,332,Developer,5DCMV,38,80.62,High
B0038,11,20,342,7.41,485,Tester,SMB91,37,44.17,High
B0039,18,258,28,6.91,376,User,A3VN4,42,77.48,High
B0040,8,50,273,2.04,358,Tester,FGOND,30,82.31,High
B0041,5,265,218,5.57,287,Tester,F4X3W,37,50.07,Low
B0042,3,419,76,3.8,491,User,QM3ID,2,23.85,High
B0043,16,278,98,8.56,465,Tester,78NEB,20,99.65,Medium
B0044,2,331,279,5.95,408,User,BZV3M,8,45.2,High
B0045,8,188,471,5.13,331,User,ORQVY,21,4.99,Medium
B0046,15,94,54,9.92,138,Developer,Y2NSP,22,28.64,High
B0047,5,417,31,6.2,377,Tester,RMQ66,40,68.05,High
B0048,8,157,140,8.16,432,Tester,PCIED,50,45.2,High
B0049,6,39,158,2.12,102,Developer,8VMBF,2,26.15,High
B0050,5,310,271,2.75,356,User,GIQOZ,43,85.86,Low
B0051,5,239,173,5.94,93,Developer,SH5CD,45,50.34,Low
B0052,5,178,216,9.59,209,User,WM29N,26,53.31,Medium
B0053,11,34,233,9.51,122,Developer,GFQ15,2,92.83,Low
B0054,11,323,422,2.91,380,Developer,WORR7,10,37.7,Medium
B0055,6,326,395,2.36,129,User,NGIZ5,4,88.47,High
B0056,16,189,319,3.09,465,Developer,9ISJ2,40,97.03,Medium
B0057,3,62,192,7.71,429,Developer,24ZHU,42,97.89,Low
B0058,20,4,172,8.94,341,Tester,PPVLO,47,15.23,Medium
B0059,16,481,383,1.49,278,User,A0Z4J,4,52.79,High
B0060,5,63,62,4.01,490,Developer,E1YJ3,26,70.0,High
B0061,11,127,334,4.16,447,Tester,DCXZY,40,67.16,Medium
B0062,9,380,430,5.17,44,Tester,DGWJD,4,36.9,Low
B0063,8,218,273,3.35,474,Developer,B1AJR,14,20.85,High
B0064,17,186,90,2.74,497,User,01IHT,4,77.62,Low
B0065,10,407,491,6.01,173,Tester,G7VC2,23,21.0,Medium
B0066,17,225,117,1.79,404,Tester,HVFXH,30,65.41,Medium
B0067,8,446,43,6.83,390,Tester,GTIK5,32,96.17,Medium
B0068,9,331,348,6.79,313,Developer,MIMQZ,19,32.53,Low
B0069,1,269,350,4.22,246,Tester,I967U,7,29.89,High
B0070,11,124,102,6.13,171,Tester,78ZIW,15,61.58,Medium
B0071,6,81,198,6.57,447,Developer,OUNJG,13,80.73,High
B0072,8,72,121,9.16,141,User,03PDU,5,95.36,Low
B0073,18,66,251,8.36,421,Tester,2SAI5,44,10.29,Medium
B0074,18,407,464,6.05,50,Developer,TPQ4X,45,54.05,Low
B0075,20,158,365,5.27,437,User,IF1DT,12,31.84,Medium
B0076,4,436,432,4.34,168,Developer,0DNR3,10,19.97,High
B0077,15,84,278,2.99,198,Developer,G7J84,23,1.63,High
B0078,2,274,54,9.69,159,Tester,0YRZT,17,32.82,Low
B0079,3,308,364,1.21,66,User,NKO1S,33,2.87,High
B0080,15,438,418,7.2,90,User,5CCUX,24,36.89,Low
B0081,15,76,402,8.94,238,Developer,KFUD0,9,68.27,Medium
B0082,6,65,11,8.07,434,Developer,3TY7V,3,42.1,Low
B0083,14,378,298,4.99,78,User,0RB7E,39,28.19,Low
B0084,5,353,215,8.04,491,Tester,4HDC1,39,7.39,Medium
B0085,19,75,334,5.93,159,Tester,9YAIB,17,46.51,Low
B0086,11,25,262,4.01,339,Developer,0VXAO,31,17.83,Low
B0087,13,184,25,9.98,338,Developer,EYCRS,12,7.0,High
B0088,3,499,246,9.72,447,User,D6F4V,14,42.28,Medium
B0089,2,251,180,9.19,132,Tester,EZWSY,26,40.61,Low
B0090,12,149,196,5.39,345,Tester,96FX1,32,1.33,High
B0091,17,72,13,6.83,30,Tester,HHQ8Y,33,89.08,Low
B0092,20,62,25,5.71,101,Tester,JVJX6,37,28.38,Medium
B0093,7,214,109,2.32,71,Developer,8THJQ,13,1.15,Low
B0094,20,379,97,9.88,143,User,2JQ1D,19,83.9,Low
B0095,1,211,436,3.6,479,User,YMJ1X,19,51.25,Low
B0096,5,155,108,2.65,320,Tester,FYPCB,13,68.95,High
B0097,8,45,82,9.46,401,Developer,OEWG3,24,74.49,Medium
B0098,3,69,72,4.6,306,Developer,9YSPW,23,5.99,Medium
B0099,6,95,30,5.12,92,Tester,PBKQM,16,81.62,High
B0100,2,394,152,5.34,483,Developer,B69P6,37,89.7,Medium
B0101,6,150,135,1.68,59,Tester,WU9XQ,18,16.91,High
B0102,4,311,36,8.33,76,Developer,1PKKG,45,77.97,Low
B0103,6,13,447,1.59,33,User,KYQQM,12,45.81,High
B0104,1,43,484,1.22,230,User,MXIB8,44,94.43,Low
B0105,10,490,94,5.76,491,User,SEIHP,11,1.96,Medium
B0106,16,300,67,4.26,26,Tester,LP2L1,27,1.81,Low
B0107,9,252,381,5.73,49,Tester,MAZB2,42,28.13,High
B0108,9,363,227,8.03,482,User,L13I6,35,21.14,High
B0109,3,172,306,5.48,379,Tester,PUGAY,35,98.65,High
B0110,19,12,152,4.86,315,Tester,DPCVA,37,50.56,High
B0111,17,452,366,9.6,401,User,MZYA9,17,76.72,Low
B0112,12,317,24,6.77,292,User,Q55GV,45,87.27,Low
B0113,17,333,290,8.24,457,User,1XS00,14,61.32,High
B0114,2,128,24,7.84,378,Developer,45HDP,0,79.8,Low
B0115,16,178,459,9.95,140,User,154EN,24,97.75,Medium
B0116,19,214,116,4.08,86,User,DF1DC,11,97.78,Low
B0117,8,160,446,6.22,186,Developer,ENJTI,12,94.8,Low
B0118,18,18,258,4.44,181,Tester,0IKUR,19,9.17,Low
B0119,12,30,178,4.93,71,User,45NRK,46,35.23,Medium
B0120,6,485,282,5.58,455,Developer,MSEYX,2,23.11,High
B0121,12,110,93,7.54,265,Developer,MKURW,37,85.62,Medium
B0122,14,469,138,4.27,430,Developer,U9S9U,35,16.14,Low
B0123,5,268,494,3.52,243,User,JJF0N,26,54.99,Medium
B0124,15,65,473,2.29,304,Tester,BFRXC,22,5.28,High
B0125,16,302,248,1.24,182,Developer,HGFRM,33,49.45,High
B0126,17,222,414,2.12,366,Tester,DCXBX,3,42.39,Low
B0127,6,138,316,1.06,445,Tester,MU6M0,2,18.63,Low
B0128,11,91,412,1.15,66,Developer,UCB5C,16,56.99,High
B0129,4,66,301,4.95,75,Developer,WBZQT,34,18.85,High
B0130,20,322,109,1.06,373,Developer,RRS0H,32,32.17,High
B0131,20,92,61,3.63,24,User,1BJ84,1,99.43,Low
B0132,6,482,135,8.52,136,User,CCHZG,6,29.06,Medium
B0133,15,211,436,3.7,75,Developer,4BUK7,44,71.23,Medium
B0134,20,214,290,9.31,410,User,UFUD4,43,20.76,Low
B0135,7,297,28,1.02,388,Tester,T51AS,4,72.94,Low
B0136,4,24,122,2.38,184,Developer,5OE54,43,32.75,Medium
B0137,3,157,158,9.57,448,Developer,EM502,28,53.14,Medium
B0138,8,124,443,5.68,136,User,1NFJT,16,89.01,Medium
B0139,19,99,124,8.28,257,Tester,D2O8W,49,23.9,High
B0140,8,470,500,3.1,255,Tester,XYCB6,10,59.3,Medium
B0141,10,159,495,5.56,74,User,3KS8P,7,51.33,High
B0142,9,348,150,3.0,327,Developer,M2K1D,25,76.38,Medium
B0143,2,292,89,9.79,126,User,0GYH3,41,66.97,High
B0144,16,27,379,1.26,239,User,3SZNG,30,23.67,Low
B0145,8,371,115,1.71,458,User,ZDPF1,46,46.91,Medium
B0146,16,108,209,9.78,311,Developer,5GCHX,41,53.28,High
B0147,2,387,263,2.14,454,Developer,PYU0B,12,78.9,Medium
B0148,5,160,175,2.17,331,Tester,6ERC6,26,93.23,High
B0149,10,90,93,3.66,329,Tester,1MFEJ,12,54.82,High
B0150,13,400,158,1.39,42,User,174L1,31,57.58,High
B0151,12,304,107,3.97,465,Tester,S4J5K,13,99.96,High
B0152,18,153,231,9.4,468,User,65QNN,35,46.51,High
B0153,11,365,281,3.76,114,User,KKD5Q,48,25.72,High
B0154,13,34,96,3.05,40,User,2UH5F,3,27.94,High
B0155,16,112,107,5.93,222,Tester,CB3X3,10,86.88,Medium
B0156,8,390,478,2.23,164,User,Y6QGT,6,45.03,High
B0157,15,214,346,2.36,185,Tester,YM4S5,4,62.3,High
B0158,17,173,295,2.74,287,Developer,MTU7F,23,14.49,High
B0159,18,219,109,6.68,451,Tester,2JMOS,20,52.35,Low
B0160,16,461,423,5.33,269,Tester,B4Q9F,13,25.92,High
B0161,17,61,203,1.14,56,Tester,CG053,18,90.29,High
B0162,20,381,156,3.03,210,Developer,SCSGE,45,61.46,Medium
B0163,1,33,84,4.86,245,User,6868G,42,16.72,Medium
B0164,18,120,273,5.42,136,User,LU0FJ,26,22.48,High
B0165,17,377,239,9.76,228,Developer,YY7BG,45,72.39,Medium
B0166,20,192,385,2.51,449,User,VHUGE,31,27.96,Low
B0167,8,80,161,6.77,76,Developer,3C71O,19,19.87,Medium
B0168,14,41,143,4.24,449,Developer,L3GBL,37,45.82,High
B0169,15,132,426,3.6,103,Developer,9SBSI,16,92.6,Low
B0170,9,381,234,3.67,255,User,XKTN0,38,45.52,Medium
B0171,7,419,202,6.92,232,Tester,WVP3J,20,16.18,Low
B0172,19,220,31,8.98,42,Developer,4NSCU,7,45.69,High
B0173,11,268,0,6.0,309,Developer,5OTWW,1,73.05,High
B0174,10,54,314,8.61,119,Developer,FL5PP,3,56.42,Medium
B0175,20,2,310,3.73,318,Tester,A1DHO,42,4.24,Medium
B0176,11,305,110,6.36,192,User,C25YN,21,99.02,High
B0177,16,17,152,1.97,57,Tester,I2MNX,49,87.66,High
B0178,17,94,369,5.17,334,User,QQS2Y,30,55.01,Medium
B0179,3,362,193,3.42,457,Developer,4GEFC,16,40.82,Medium
B0180,15,489,266,4.77,98,Tester,ACXYB,28,39.64,Low
B0181,1,400,325,3.11,485,User,RDO4E,5,92.63,High
B0182,2,388,21,7.04,238,Tester,U99M0,43,29.17,High
B0183,17,441,29,6.45,47,Developer,YF322,46,35.14,Medium
B0184,18,414,129,6.93,116,Developer,YK6QT,41,89.52,Low
B0185,5,83,84,7.41,41,User,W1MXK,27,74.17,High
B0186,6,469,84,1.86,464,Developer,YPC2W,13,7.36,Medium
B0187,4,18,74,8.32,35,Tester,ZC42G,44,14.9,Medium
B0188,6,150,373,4.19,311,User,T1SXD,27,29.57,Medium
B0189,1,320,220,9.71,376,User,3YW4S,32,65.99,Low
B0190,15,480,120,7.36,338,User,R4APP,21,64.15,High
B0191,14,233,111,3.14,105,Tester,O61XN,46,92.02,Low
B0192,8,311,250,2.36,83,Tester,UA3YL,20,71.26,Low
B0193,8,49,289,5.64,144,Developer,TMDXJ,18,99.24,Low
B0194,14,300,191,3.95,296,User,S30E9,37,64.63,Medium
B0195,14,64,243,7.68,101,User,AEDNC,15,97.67,Medium
B0196,7,58,58,3.3,274,Tester,J4HYQ,13,77.88,High
B0197,3,106,2,5.38,497,User,FHS19,40,6.61,High
B0198,15,109,361,4.3,56,Tester,U6SGJ,38,43.64,Medium
B0199,4,468,147,8.9,339,User,SRBTI,2,56.54,Medium
B0200,2,437,49,1.44,64,Tester,SX8K5,46,87.0,Low
B0201,11,451,45,2.94,257,User,UQPFV,12,29.51,Low
B0202,8,345,189,3.73,316,User,NBVUQ,10,37.73,Low
B0203,8,116,331,9.04,286,Tester,TNKAO,29,74.85,Low
B0204,8,58,305,9.09,280,Tester,ZRHMC,28,76.66,Medium
B0205,19,327,383,6.04,145,Developer,QKKV3,8,81.74,Medium
B0206,3,354,441,4.71,32,User,R4X86,35,56.66,Medium
B0207,14,249,362,3.57,90,User,0O732,15,95.07,High
B0208,19,134,322,9.59,103,User,AO697,30,54.31,Low
B0209,1,132,322,2.31,178,User,8F9AX,31,6.52,High
B0210,16,51,136,7.04,48,Tester,0TBQY,9,34.39,Medium
B0211,16,480,480,3.2,411,Developer,AJ7ME,32,81.02,Low
B0212,17,384,440,2.94,223,User,YQY6H,45,48.71,Low
B0213,3,417,196,8.31,274,Developer,86NNG,13,88.34,High
B0214,10,206,73,2.99,374,Developer,NFT7W,23,59.53,Medium
B0215,2,130,483,6.43,495,User,4XNV5,16,74.44,Medium
B0216,12,131,340,3.2,164,User,DO1JX,11,18.55,High
B0217,12,188,233,1.65,134,User,IP1UQ,32,6.55,Low
B0218,9,278,123,1.93,226,Tester,E5EEV,46,22.17,Medium
B0219,12,152,385,3.67,213,Developer,RNFF3,3,40.3,High
B0220,1,223,306,1.87,498,Developer,ZVO5V,12,6.01,High
B0221,19,268,377,8.15,269,User,UBP36,24,19.33,High
B0222,12,210,47,7.6,67,Developer,OYPQG,11,12.59,High
B0223,16,68,395,4.01,272,Tester,Q7OT9,38,35.48,Medium
B0224,12,98,292,8.06,103,User,B53IK,39,83.41,High
B0225,20,185,386,9.13,281,User,CY3LA,0,7.82,Low
B0226,7,100,48,1.69,191,Tester,J02WJ,36,47.86,High
B0227,16,103,383,6.3,305,Tester,08WQD,8,53.42,High
B0228,13,402,250,7.06,377,User,ZXZI0,33,79.26,Medium
B0229,14,34,92,7.44,421,Tester,7RZUS,12,70.67,Low
B0230,20,261,221,7.05,36,Tester,64LGQ,19,9.49,Medium
B0231,18,151,174,8.44,101,Developer,OE3RW,13,12.13,Low
B0232,17,353,300,2.46,61,Tester,XZYYZ,3,6.94,High
B0233,8,442,334,7.95,301,Developer,7N7B0,12,54.62,High
B0234,16,399,246,5.89,197,Developer,V7ER8,32,31.95,Low
B0235,5,130,112,8.35,324,User,Y8ASA,48,26.08,Medium
B0236,20,349,336,4.17,143,User,TNY9E,40,18.97,High
B0237,18,451,352,3.29,30,Developer,HXZL6,32,33.15,Medium
B0238,9,5,156,4.39,122,Developer,RXSBK,12,56.6,Medium
B0239,14,435,280,4.64,72,Tester,QBC6R,16,52.71,Medium
B0240,6,103,90,3.05,50,Developer,ZUSSW,23,67.62,Medium
B0241,20,408,78,9.7,151,Tester,WL8QE,4,62.7,High
B0242,3,339,113,6.92,398,User,P84SG,1,18.78,High
B0243,7,132,270,9.27,45,Developer,8NYYN,17,90.13,Low
B0244,17,436,214,6.04,114,Developer,HC4XO,0,93.88,High
B0245,19,497,244,3.06,312,Tester,3AZKM,50,78.94,High
B0246,2,115,147,5.52,394,User,7J0UM,29,19.31,Medium
B0247,9,461,488,4.58,462,Tester,YK6KQ,8,29.76,High
B0248,10,129,371,8.06,236,Developer,FTHTI,4,98.17,High
B0249,10,499,469,4.79,182,Developer,6EHOW,49,43.01,Medium
B0250,19,491,280,9.4,351,User,86Z77,30,85.04,High
B0251,6,257,331,7.51,97,Developer,HVFOH,32,45.64,High
B0252,9,259,61,2.4,357,Developer,9WZST,18,28.83,Medium
B0253,1,279,225,3.94,412,Developer,H7RTS,30,80.25,Medium
B0254,9,163,354,2.76,27,User,TAFPR,39,6.98,Low
B0255,19,477,54,5.5,167,Tester,W7R1O,0,52.35,Low
B0256,7,429,5,7.49,54,Tester,LW4YV,1,82.11,Medium
B0257,17,439,108,5.27,176,Tester,5XV4H,18,7.0,Medium
B0258,4,198,403,6.48,461,Developer,B74NV,38,79.43,High
B0259,2,32,82,9.98,105,User,S9KHW,20,67.68,High
B0260,8,445,206,6.57,98,User,KIDY2,19,28.1,High
B0261,17,76,360,5.71,162,Tester,SRHZN,8,15.32,Medium
B0262,4,55,63,3.87,84,User,SXAAA,19,33.34,High
B0263,8,383,484,2.69,92,User,3675T,38,17.53,Medium
B0264,19,411,466,7.03,95,Tester,56RV9,39,82.86,Medium
B0265,10,429,64,8.96,130,Tester,ATOIF,1,33.08,Medium
B0266,5,125,214,2.67,55,Tester,KT9PG,31,2.2,High
B0267,20,323,112,4.37,127,Tester,45ZV0,14,76.45,High
B0268,2,226,75,8.05,151,Tester,13HEL,35,22.81,Medium
B0269,7,33,499,5.47,250,User,AWAP1,36,96.57,Medium
B0270,18,170,42,6.3,414,User,JK8NL,43,55.0,Low
B0271,4,268,235,9.49,180,User,CHJZQ,0,52.34,Medium
B0272,18,267,326,7.99,317,Developer,EYU1Q,40,71.9,Low
B0273,7,255,421,3.38,101,User,3CDHH,25,41.94,High
B0274,18,187,262,5.71,417,Tester,A47OC,35,69.54,Medium
B0275,9,278,58,1.06,125,User,L8DLM,0,38.09,Low
B0276,18,408,399,1.57,483,Developer,0QQNT,26,81.02,Medium
B0277,19,311,321,4.69,309,User,JM3Y2,22,70.58,Low
B0278,9,266,266,2.31,453,User,RVPSF,22,64.93,Medium
B0279,11,203,165,5.09,459,Developer,G7ZQG,6,86.51,Low
B0280,19,371,461,3.9,464,User,UFU18,17,89.59,High
B0281,6,206,453,8.26,24,Developer,VD9BL,32,36.15,High
B0282,14,428,491,5.52,477,User,PD04L,3,20.96,Low
B0283,3,365,78,7.32,300,User,BXQCB,22,75.64,Medium
B0284,8,15,235,2.03,84,User,V42KL,19,4.81,Low
B0285,3,67,466,6.13,260,Tester,N91A5,36,46.88,High
B0286,16,37,250,6.02,434,User,AZH47,11,75.98,Low
B0287,9,15,305,7.67,380,Tester,ZR6RD,26,50.0,Low
B0288,3,38,316,1.79,251,Tester,5DXWJ,50,6.12,Low
B0289,18,174,499,4.43,398,Developer,L1VKP,24,88.58,Low
B0290,13,389,198,9.35,299,Developer,X0670,47,75.01,High
B0291,10,496,231,6.31,42,Tester,RKAOT,10,41.41,Medium
B0292,5,15,305,2.59,271,Tester,O2731,37,13.13,High
B0293,19,119,244,6.97,420,Developer,9V5PP,7,56.72,Medium
B0294,9,108,167,6.98,171,Tester,DLX02,8,40.28,High
B0295,11,370,342,7.56,45,User,EBDMG,15,32.0,Medium
B0296,13,31,53,7.15,42,Tester,7BE8C,20,34.59,Medium
B0297,10,173,192,4.87,113,User,6ZDDZ,9,87.32,Low
B0298,19,364,340,3.69,97,Tester,3EY55,11,2.72,High
B0299,14,159,447,4.27,304,Tester,TN35B,13,84.25,Medium
B0300,18,23,454,6.36,211,Tester,ND3TE,45,44.31,High
B0301,15,74,428,5.77,453,User,Q2GKA,33,10.39,High
B0302,11,326,243,1.73,151,Developer,KSEBP,18,51.81,High
B0303,16,462,94,1.21,94,Tester,5X1XV,5,73.61,Medium
B0304,17,41,339,6.97,364,User,8IED8,38,20.75,Low
B0305,5,434,314,5.48,145,User,IAT8R,42,4.88,Low
B0306,18,441,88,8.29,448,User,2490D,24,87.99,Low
B0307,18,190,316,9.83,359,Developer,VTXFA,27,64.53,Medium
B0308,12,48,94,6.34,418,Developer,ONNGG,33,24.93,High
B0309,19,396,344,2.89,41,Developer,4HD7X,36,52.62,Medium
B0310,20,157,84,5.76,165,User,Y3B10,2,32.8,High
B0311,15,66,495,2.99,194,Tester,WPKTV,22,28.74,High
B0312,7,258,375,3.83,21,Tester,DYOD2,8,94.59,Medium
B0313,9,181,491,4.28,173,Developer,OTIPS,7,79.64,High
B0314,7,285,287,1.87,197,Developer,2RDRT,24,88.43,High
B0315,15,400,325,7.81,119,User,SPQHA,30,39.09,Medium
B0316,17,294,87,3.94,39,Developer,VJ829,13,74.43,Low
B0317,9,180,161,6.12,340,User,OLNG0,13,57.43,Medium
B0318,2,46,319,5.76,267,Tester,CL5YG,47,42.91,Low
B0319,14,269,437,6.17,22,User,65ZMU,38,68.74,Low
B0320,3,235,190,7.83,427,User,GHGKG,6,56.27,Low
B0321,5,155,10,1.61,101,Tester,JS11A,3,9.24,Low
B0322,13,26,324,1.44,403,Tester,GF4L6,44,75.56,Low
B0323,11,198,210,2.48,108,User,93W35,36,74.68,High
B0324,2,86,32,5.31,100,Tester,AGVEF,44,89.03,Medium
B0325,16,386,328,1.64,207,Developer,C5ZCY,22,15.6,Medium
B0326,20,126,320,5.34,333,Tester,VRRAE,0,62.61,Medium
B0327,10,344,37,2.2,346,User,0Y7KC,6,76.35,High
B0328,8,311,241,2.42,134,Developer,K9WHD,48,84.26,Low
B0329,18,494,481,7.54,117,User,NN2P9,36,98.4,Medium
B0330,2,373,214,2.61,445,Tester,SZ6AO,20,63.69,Medium
B0331,18,221,67,4.45,426,Developer,JFL8D,50,13.19,Medium
B0332,11,136,2,3.07,137,Developer,10Z65,25,23.86,Medium
B0333,12,150,78,8.89,239,User,UQ3R6,20,20.16,High
B0334,4,109,287,7.26,118,Tester,RYHNE,40,99.4,High
B0335,5,159,155,4.38,35,User,K1R1P,32,36.51,Low
B0336,9,490,282,7.25,282,Tester,OJYEB,24,88.07,Medium
B0337,3,362,74,3.59,321,User,S5ZD1,28,81.35,High
B0338,18,267,342,5.58,215,Developer,JC1W6,48,80.21,Medium
B0339,10,331,473,6.19,383,User,9GW81,1,40.48,Low
B0340,15,306,152,5.85,129,User,67U8V,9,57.54,Low
B0341,10,194,14,3.92,126,Tester,I2HAD,6,31.69,Low
B0342,12,301,34,4.76,464,User,V6C5Y,10,64.13,Low
B0343,1,24,59,6.07,362,User,VWQGN,40,96.77,Medium
B0344,20,384,112,7.36,210,Tester,H3DS1,29,18.2,High
B0345,1,210,70,9.16,475,Tester,0VO5P,25,12.88,Medium
B0346,13,223,322,6.5,176,Developer,9V0G7,24,67.78,High
B0347,19,366,500,9.62,321,User,SXUTQ,3,63.73,Medium
B0348,2,82,239,7.25,49,Tester,KJXM9,4,6.08,Low
B0349,6,446,438,5.72,475,User,691O3,13,94.93,Low
B0350,1,435,456,2.45,427,Tester,UWXV0,49,64.41,Low
B0351,19,427,201,1.96,280,Developer,40Z37,8,42.14,High
B0352,10,164,278,9.56,299,Developer,N4C3E,19,16.44,High
B0353,17,494,169,4.17,240,Tester,NU1HP,48,79.34,Low
B0354,4,316,134,7.24,53,Developer,C5C3C,9,94.51,Low
B0355,9,181,99,2.95,96,Developer,AJJDW,41,33.28,High
B0356,5,141,306,9.56,111,Tester,6N8DK,21,43.91,Medium
B0357,4,213,331,6.73,173,Developer,5HWCQ,31,60.44,Low
B0358,10,437,281,9.17,344,User,GYAN0,47,44.44,High
B0359,17,273,260,4.72,454,Developer,DLWB4,45,57.0,Low
B0360,7,362,115,4.64,296,Developer,KJ85K,1,94.03,Medium
B0361,10,282,296,7.49,469,User,T5TIT,42,55.76,Low
B0362,16,382,161,7.2,316,Developer,A83KQ,50,40.11,Low
B0363,17,460,179,6.04,300,User,P5YWC,19,16.33,Low
B0364,16,419,230,4.22,376,User,4PPMY,14,67.63,Medium
B0365,17,303,200,7.45,429,Developer,3AMV5,4,6.52,High
B0366,13,137,178,6.41,136,Tester,7FZ8W,37,3.66,High
B0367,4,65,23,1.51,97,User,Z0WNS,41,96.21,High
B0368,6,208,311,8.87,110,Developer,H8CY8,18,50.22,High
B0369,15,497,15,8.49,498,Tester,GT39O,28,18.37,Medium
B0370,9,2,366,2.32,426,User,U8YNG,3,8.51,Low
B0371,15,337,80,8.33,490,User,NOM1Q,45,24.82,Low
B0372,1,276,279,3.2,434,User,KJZHZ,17,11.08,High
B0373,5,96,266,7.93,239,Tester,VB8XU,12,67.82,Medium
B0374,15,278,102,1.32,420,Developer,0778G,27,97.87,High
B0375,8,183,89,7.26,421,Developer,IV2R4,38,45.4,Medium
B0376,11,440,223,1.44,257,Developer,KG4ZV,44,16.33,Medium
B0377,11,426,422,2.85,281,Developer,ES9IJ,21,38.19,Low
B0378,11,77,246,8.48,196,Developer,LJLDA,36,13.75,Medium
B0379,8,401,320,5.93,393,User,GC9K7,23,68.02,Low
B0380,13,54,198,3.68,408,User,K1Q6F,1,34.89,Low
B0381,20,383,217,8.78,214,Tester,LH7ZM,35,17.53,Medium
B0382,20,216,362,2.53,61,Tester,VKJPJ,35,98.71,Medium
B0383,14,468,287,3.92,239,Tester,EOVC5,22,19.68,Low
B0384,5,448,95,1.96,135,User,3G6CO,15,32.64,High
B0385,20,145,71,3.73,176,User,6JLCY,18,92.78,Medium
B0386,18,292,388,7.35,238,Tester,5AJDC,44,91.14,Low
B0387,18,199,88,1.46,371,User,8GEQS,32,96.03,Medium
B0388,6,445,0,8.99,440,User,9X24U,10,4.58,High
B0389,5,370,236,2.81,124,Tester,EZ7YY,20,72.87,Medium
B0390,11,180,482,4.62,88,Tester,ZOZNU,21,53.07,Low
B0391,2,416,36,9.94,475,Developer,DBTK1,9,51.45,Low
B0392,15,43,305,1.04,397,User,Z0BPI,8,15.52,Medium
B0393,19,278,73,2.7,98,User,1PMRH,17,27.24,Medium
B0394,13,283,26,6.96,413,User,CHLAO,25,62.13,Medium
B0395,5,407,198,3.35,335,Developer,9PMO4,43,93.58,Low
B0396,13,27,107,6.51,123,Tester,QITIK,34,26.18,High
B0397,6,293,323,1.82,434,User,87RBB,39,49.63,Low
B0398,8,144,65,5.68,475,Developer,24T24,23,73.53,Low
B0399,18,55,161,2.51,155,Developer,YRQW6,12,40.55,Medium
B0400,18,107,177,1.87,39,Tester,9AFCK,10,24.26,Low
B0401,12,324,345,8.74,154,Developer,73PF9,17,49.22,Medium
B0402,13,408,223,8.96,380,Tester,XPWQ6,30,51.15,Low
B0403,1,246,478,5.1,51,User,2IKM3,7,94.74,High
B0404,7,474,179,9.41,86,User,RUUHJ,38,97.44,High
B0405,9,253,182,7.71,300,Developer,6YG7R,45,5.85,Low
B0406,15,62,486,2.17,111,Tester,ZSWQL,9,47.12,Low
B0407,7,110,128,3.25,432,User,TOBR8,44,25.35,High
B0408,10,333,84,2.73,239,Developer,DETWZ,29,33.62,High
B0409,3,449,404,2.69,425,Developer,EXP30,32,96.04,Low
B0410,2,153,239,7.84,100,Tester,SKD7B,49,30.23,Medium
B0411,20,365,57,2.36,148,User,88EDU,47,28.15,High
B0412,3,90,340,9.15,486,Developer,DWXSJ,41,48.0,Medium
B0413,10,364,330,7.24,397,User,OYGLK,2,61.02,High
B0414,10,95,405,4.45,315,Tester,8UBI4,38,21.99,Medium
B0415,2,82,120,1.86,63,User,GTGAS,12,59.65,High
B0416,4,36,62,3.05,437,Developer,B8KE7,29,93.95,High
B0417,16,28,177,9.31,482,User,MJNNQ,31,42.6,High
B0418,11,322,173,8.48,132,Tester,RO94H,38,98.34,High
B0419,17,159,62,7.61,258,User,P4YMD,30,76.17,Low
B0420,17,413,426,4.43,332,User,VIAOL,31,59.65,Medium
B0421,9,21,166,9.42,300,User,HC6MV,7,69.26,Medium
B0422,16,118,438,1.11,271,Developer,11JRD,4,36.0,Medium
B0423,10,334,472,6.07,185,Tester,ZIXG0,38,46.79,Medium
B0424,5,300,17,6.86,445,Developer,OUPYB,37,8.91,High
B0425,2,429,190,9.33,44,Tester,M70DR,16,88.13,Medium
B0426,10,35,225,3.07,190,User,KVGNT,31,88.39,Medium
B0427,13,413,384,9.25,283,User,HV2WJ,1,16.41,Low
B0428,8,77,260,2.5,484,Tester,6F56G,10,70.51,Low
B0429,12,365,6,6.04,491,User,UIOPP,1,23.89,High
B0430,13,49,72,3.29,217,User,VLR7W,48,65.45,High
B0431,5,260,71,1.64,484,User,SMBJ9,27,8.52,High
B0432,6,4,414,5.77,186,Tester,862ZW,22,91.67,Medium
B0433,16,15,107,3.81,492,Developer,12YVF,47,30.95,Medium
B0434,9,69,49,3.78,415,Tester,IP5J6,23,79.75,High
B0435,6,37,119,5.82,49,Developer,MJ67A,25,10.57,High
B0436,17,250,62,7.95,436,User,2CELP,19,59.61,Medium
B0437,20,14,375,2.44,229,Developer,M7R1P,44,13.01,High
B0438,18,229,147,2.48,125,Developer,NAN67,32,75.55,Low
B0439,5,484,373,2.08,366,Developer,1JUN7,10,96.81,Low
B0440,7,157,258,2.07,362,User,ZM4SG,24,35.1,High
B0441,12,71,131,5.86,174,User,2FF70,25,2.91,Low
B0442,4,289,426,2.9,72,Developer,DXNI3,11,33.05,Medium
B0443,1,69,72,4.43,142,User,22DB7,47,99.86,Low
B0444,6,315,120,5.58,321,Tester,7PKUF,30,75.98,Low
B0445,7,267,473,4.78,46,User,PLN07,12,72.28,High
B0446,10,221,377,7.96,91,Tester,JYTYW,46,10.51,Medium
B0447,9,94,283,2.73,476,Developer,JDS3Q,40,67.25,Medium
B0448,12,31,330,1.62,360,User,G9RCY,42,41.95,Low
B0449,5,362,209,8.48,306,Developer,UDKB4,10,55.58,Medium
B0450,5,482,486,9.14,216,User,NU0KJ,47,51.24,High
B0451,14,418,80,6.25,369,Tester,OGJ2A,32,76.72,High
B0452,12,41,137,5.14,138,User,B957D,4,18.47,High
B0453,1,285,73,6.52,315,Developer,2A9D4,48,28.31,Medium
B0454,20,487,331,4.82,375,Developer,WXD3F,46,63.39,Medium
B0455,6,101,408,4.62,379,User,JI652,19,19.39,Low
B0456,16,402,7,2.95,419,Tester,65V4W,4,64.77,High
B0457,1,451,219,5.96,159,Tester,95NZ6,17,69.3,Medium
B0458,9,185,374,8.26,167,User,9JQFF,7,70.92,High
B0459,16,186,196,6.93,143,User,DIW7S,6,92.27,Medium
B0460,18,43,330,7.2,422,Tester,4L9J5,27,3.21,High
B0461,7,43,400,9.97,283,User,HOT67,3,25.55,High
B0462,2,231,176,1.86,33,User,NG1S8,19,47.51,Medium
B0463,2,44,331,7.55,469,Tester,ZH88C,21,84.07,Medium
B0464,15,208,85,8.26,142,Developer,YXETS,39,68.98,Medium
B0465,11,461,83,6.39,148,User,GK2MA,14,55.95,Low
B0466,16,299,60,8.76,55,User,N791G,35,15.94,High
B0467,1,337,162,7.34,58,Developer,HWD5F,46,51.02,Low
B0468,19,34,434,5.5,150,Developer,PZDBM,12,61.34,Medium
B0469,16,407,230,1.52,392,User,Y8YC9,48,9.63,Low
B0470,17,387,375,7.09,238,User,RFRK9,33,41.3,Low
B0471,4,319,447,2.54,297,Developer,1VJHP,2,85.48,Low
B0472,3,175,52,8.18,97,Developer,YXOXC,10,96.29,Low
B0473,13,177,326,7.42,47,User,AI63I,20,25.67,Medium
B0474,10,479,394,1.33,179,Developer,4XUHV,45,37.57,Low
B0475,17,402,390,9.54,203,Developer,UERKJ,43,87.69,High
B0476,9,449,401,6.55,265,User,MC381,41,47.94,Low
B0477,15,171,302,6.26,93,Developer,DGH7W,5,39.76,Low
B0478,10,286,47,8.89,446,Tester,J3E9R,1,52.15,Medium
B0479,17,486,200,2.37,493,User,15AC5,29,19.54,Low
B0480,8,448,435,1.11,470,Tester,8VPAZ,19,73.75,Medium
B0481,8,65,314,5.51,154,Tester,HI834,46,82.28,Low
B0482,13,447,263,5.05,167,User,2TLQI,30,36.88,Low
B0483,13,424,108,6.6,76,User,GGKO0,1,14.94,High
B0484,1,428,282,8.15,209,Developer,XAL3D,6,8.4,High
B0485,4,328,276,5.64,331,Tester,S4ISL,30,63.63,Medium
B0486,12,417,189,8.81,69,User,9O2CR,2,49.45,Low
B0487,9,478,244,6.67,406,User,N0YPZ,20,73.59,Low
B0488,3,59,408,1.61,141,User,3X7HJ,21,44.54,Low
B0489,11,313,244,3.99,353,User,5YGL7,6,95.74,Low
B0490,15,314,381,8.64,125,Developer,VPTSV,32,9.12,High
B0491,9,471,148,2.07,172,User,0CKM8,1,47.15,High
B0492,16,301,476,5.32,196,Tester,053K0,4,66.26,Low
B0493,12,118,377,5.7,498,Developer,D7ZPZ,34,8.06,Medium
B0494,7,343,225,2.53,436,Tester,9V5RR,23,32.49,Medium
B0495,7,85,254,2.62,453,User,X2ZYO,21,21.59,Medium
B0496,17,23,7,8.9,50,Tester,AJ8B1,43,80.24,Medium
B0497,15,311,477,8.76,165,User,M2WFG,35,35.46,Low
B0498,6,362,28,8.86,209,User,5YLCS,3,99.44,Low
B0499,5,13,45,2.67,177,Tester,KD8PY,25,76.27,Medium
B0500,10,30,388,6.33,408,Tester,J6SEC,2,37.34,Medium
B0501,14,125,158,6.52,78,Developer,46LSJ,45,6.57,Medium
B0502,6,68,327,7.99,145,Developer,TYVLO,14,56.56,High
B0503,11,301,202,8.33,295,User,L58G3,6,17.35,High
B0504,13,5,287,1.38,326,Developer,EBQPT,25,93.59,High
B0505,12,496,401,8.85,293,Tester,FG6OF,29,52.01,Medium
B0506,15,150,90,4.13,445,Tester,4P0EA,50,58.02,Low
B0507,12,109,135,2.35,424,Developer,BVH4I,40,55.2,High
B0508,18,160,240,7.61,161,Developer,B9N2G,15,60.65,Medium
B0509,7,121,475,1.92,115,Tester,LZRUH,8,89.57,Low
B0510,15,424,206,9.15,205,Tester,1J10U,43,71.04,High
B0511,10,330,57,2.97,73,Developer,E6YW7,37,90.37,Medium
B0512,18,289,150,3.92,276,Developer,ZGDG2,42,75.48,High
B0513,6,247,42,7.04,245,Developer,HKRH6,15,68.51,Medium
B0514,15,331,331,6.37,86,Developer,ITW1G,32,36.67,Medium
B0515,18,470,185,7.17,488,Tester,KJRHL,46,22.54,High
B0516,16,204,365,8.54,361,User,481GP,18,5.65,High
B0517,3,324,490,5.44,240,Developer,ZDINI,21,69.03,Low
B0518,18,367,439,2.44,337,Tester,Q55I6,40,70.96,Medium
B0519,2,283,197,4.36,353,Tester,A0GHT,16,81.84,Low
B0520,17,426,151,1.49,20,User,SD8NU,9,36.37,Low
B0521,9,209,458,4.62,146,Developer,I23M9,48,27.03,Low
B0522,8,57,24,1.8,130,Tester,HFURQ,18,84.87,Medium
B0523,11,360,326,8.65,493,User,FSZJ7,31,69.19,Low
B0524,15,76,344,1.85,273,Tester,6SNYL,45,27.03,Medium
B0525,10,120,116,6.59,289,Tester,132AR,29,26.72,Medium
B0526,1,457,402,7.69,209,Tester,4PS4T,10,96.22,High
B0527,13,145,77,4.98,284,Tester,SKKN1,48,74.31,High
B0528,10,211,234,6.4,243,Tester,KZYE2,14,8.24,High
B0529,5,317,46,5.92,236,User,3W8JN,49,54.53,Medium
B0530,1,295,444,8.66,25,Tester,RDWFM,8,15.78,Low
B0531,4,180,391,3.53,314,Developer,HTORW,4,86.25,Medium
B0532,8,254,248,3.7,470,Tester,R1QSL,38,83.06,Low
B0533,20,347,147,4.96,68,Developer,YW1XR,3,33.15,Medium
B0534,8,326,184,1.64,160,Tester,C8V84,18,46.02,High
B0535,10,431,296,8.3,65,User,EO7RR,41,18.09,Low
B0536,7,260,41,4.25,133,Developer,6PLNK,46,26.87,Medium
B0537,6,145,494,3.91,238,Tester,H0KQW,26,87.87,Medium
B0538,5,191,350,6.2,390,Developer,UFDFX,16,44.13,High
B0539,9,383,81,7.97,360,Developer,V3BWV,35,22.22,High
B0540,2,57,64,6.91,137,Tester,I611O,23,92.93,High
B0541,11,434,406,4.38,369,Developer,6TIZW,30,40.03,High
B0542,10,58,5,6.22,465,Developer,SUUE6,28,31.76,Medium
B0543,19,74,13,5.15,228,Developer,2FJ5T,9,67.37,High
B0544,5,352,472,2.38,428,Tester,H89OH,35,89.05,Low
B0545,13,120,334,7.44,226,Tester,T40AZ,34,7.7,Low
B0546,11,477,182,4.52,204,Tester,CNS7N,28,17.6,High
B0547,18,303,398,5.68,337,Tester,MZ20U,15,24.69,Medium
B0548,4,29,264,5.94,395,User,FOR64,19,98.56,Low
B0549,10,154,381,7.0,374,Tester,RSM5Z,8,84.28,High
B0550,15,129,288,2.68,40,User,3DNJ9,7,31.75,Low
B0551,19,432,137,6.32,128,Tester,5FG58,40,79.91,High
B0552,17,283,0,7.11,188,Developer,SDNK6,2,71.42,Low
B0553,19,477,372,4.22,192,User,1T6CY,9,9.3,High
B0554,8,71,218,2.68,348,User,QVC3R,25,61.56,Low
B0555,14,280,387,9.38,181,User,6MH65,22,26.29,Low
B0556,20,40,294,3.01,422,User,3EDLT,23,94.1,Low
B0557,13,129,409,5.86,375,Tester,FWG00,48,56.79,High
B0558,13,231,243,6.76,365,Developer,Y7UZR,49,57.65,Low
B0559,9,196,335,9.87,461,User,V1GWG,34,59.67,Low
B0560,12,157,434,6.41,116,Developer,29AO8,22,8.75,High
B0561,5,348,278,7.97,168,Tester,036W3,46,31.64,Medium
B0562,18,103,406,5.23,282,Tester,UWO2J,7,55.13,Medium
B0563,14,202,173,8.58,259,Tester,U7B3H,22,40.99,Low
B0564,7,430,142,5.74,471,Tester,NEBVG,24,27.71,High
B0565,18,198,288,6.33,406,Developer,5AR76,32,67.64,High
B0566,14,286,10,4.1,307,Developer,EGQMM,44,23.14,High
B0567,1,346,436,7.69,64,User,MBU3Z,31,71.1,High
B0568,10,147,148,5.92,234,Developer,C1SKD,25,51.62,Low
B0569,13,307,238,7.67,457,Tester,WFE86,19,70.15,Low
B0570,11,264,90,9.9,379,Developer,N54QD,44,72.75,Low
B0571,6,165,274,9.27,150,User,3XK9G,14,68.43,High
B0572,1,56,216,8.59,441,Developer,05SMU,20,75.3,Low
B0573,13,250,398,3.09,442,User,0UDX7,45,6.57,High
B0574,12,396,115,6.67,311,User,FXXNA,4,68.32,Medium
B0575,18,324,465,9.82,38,User,PNRFZ,47,49.71,Medium
B0576,20,106,52,6.39,68,Developer,BGRYQ,49,85.58,Low
B0577,14,294,61,3.23,155,Developer,00H0Z,7,14.65,Low
B0578,20,197,347,2.2,230,Developer,OJYNE,4,1.38,Low
B0579,16,0,309,5.51,206,Developer,HX2AU,50,84.26,Medium
B0580,10,56,411,6.21,24,Developer,AT34K,19,98.16,High
B0581,17,438,169,4.59,309,Tester,9ZZKJ,8,69.81,Medium
B0582,12,284,300,5.27,364,User,DLZ79,24,34.36,High
B0583,6,190,208,9.24,243,User,NO445,48,94.99,Low
B0584,14,328,380,9.31,294,Tester,TFD8R,8,82.28,Low
B0585,2,356,389,8.81,85,User,TUT35,9,82.83,Medium
B0586,5,65,213,2.05,199,User,Z196Y,22,86.81,High
B0587,7,54,311,4.17,215,User,6B6SC,31,99.74,Medium
B0588,10,444,75,5.47,50,User,AJ3EI,34,38.69,Low
B0589,8,198,485,5.85,111,Tester,3QJWG,11,18.96,High
B0590,20,173,245,6.24,395,User,9P5WY,42,15.44,Medium
B0591,3,67,53,4.75,193,User,I3J47,32,58.37,Low
B0592,16,177,116,5.58,251,Tester,BUWNM,14,95.94,Medium
B0593,12,358,328,7.48,22,User,KK9PL,50,54.48,High
B0594,5,201,162,8.05,144,Developer,91MYB,50,41.72,Low
B0595,15,127,386,2.23,223,User,J8LFQ,8,24.28,Medium
B0596,5,135,133,6.71,375,User,70ZO8,8,91.85,High
B0597,17,495,30,7.3,235,Developer,78SE4,33,93.58,High
B0598,7,65,204,1.65,199,Tester,CNA7E,33,76.74,Low
B0599,6,401,204,7.66,28,User,YAO9V,38,45.12,Medium
B0600,7,12,182,7.15,293,Developer,OBT7N,1,51.32,Medium
B0601,4,125,382,3.22,157,Tester,SEZ7R,6,55.96,Low
B0602,17,459,277,9.84,181,User,IM0EU,4,54.99,Medium
B0603,2,226,471,2.59,236,Tester,E0NKB,19,52.24,Medium
B0604,15,316,200,6.4,194,Tester,JUVGL,18,93.54,Low
B0605,11,458,442,2.72,205,Developer,9O24H,10,2.53,Medium
B0606,16,67,328,5.06,143,Tester,JETZ1,29,91.92,Medium
B0607,12,416,243,6.31,92,User,9Z2BH,23,41.94,Low
B0608,12,329,81,1.73,358,User,91USI,19,5.32,Low
B0609,17,72,268,2.48,355,Tester,C4VJG,21,80.42,Low
B0610,13,448,443,7.27,216,Developer,O4DAX,48,41.0,Medium
B0611,15,225,123,6.99,48,Developer,40QI7,34,48.18,Low
B0612,20,171,8,8.52,165,Developer,ZIULX,31,49.59,Medium
B0613,16,411,78,6.1,208,User,FTILA,38,60.3,Low
B0614,19,271,344,3.17,129,Developer,A16RL,35,79.93,Low
B0615,2,20,322,3.86,455,User,7EY9R,28,52.71,Medium
B0616,13,113,274,7.18,238,User,IEK2F,50,21.87,Medium
B0617,16,275,227,1.22,437,User,IL8SD,7,28.1,High
B0618,12,379,95,4.36,460,Developer,58XBW,7,64.56,High
B0619,8,321,179,5.36,300,Developer,QV5RT,18,23.1,Low
B0620,11,133,30,1.7,51,Tester,FWXJZ,21,11.68,High
B0621,3,460,241,3.02,438,Tester,G5J1O,30,13.17,Medium
B0622,14,9,483,3.6,238,User,T9XI1,16,29.72,Medium
B0623,11,234,161,7.28,494,User,R73I2,30,23.94,Low
B0624,13,184,141,4.85,274,User,51XUA,38,23.33,Low
B0625,7,253,167,3.71,129,Developer,87VI3,48,86.94,Low
B0626,13,175,301,4.09,247,Developer,V3V14,3,51.64,Medium
B0627,15,500,81,5.26,26,Developer,YHGXE,42,64.09,High
B0628,17,453,57,9.81,471,User,12F8X,41,9.82,High
B0629,5,15,278,7.37,87,User,W4871,45,20.09,High
B0630,1,61,394,8.29,81,Tester,1SDJ4,8,44.31,Low
B0631,6,457,160,5.88,348,Tester,ZIV10,18,79.25,Low
B0632,4,182,361,6.46,499,Tester,0CJ95,20,40.96,Low
B0633,19,139,231,9.28,98,Developer,MZUBY,20,31.23,Low
B0634,5,285,215,6.15,72,Tester,B7SIV,40,35.76,High
B0635,3,340,72,3.18,235,Tester,SUWKR,19,3.82,High
B0636,9,295,203,9.91,334,User,DOK3L,27,71.85,Medium
B0637,17,326,442,8.54,47,Tester,K9PHP,33,72.2,Low
B0638,20,46,313,1.83,251,User,BAH3O,21,44.68,High
B0639,19,142,232,9.31,200,Tester,MDY9V,7,67.17,Low
B0640,18,426,307,5.62,428,Developer,G6P7J,48,17.71,High
B0641,11,406,399,7.41,253,User,GB4LF,29,89.71,Medium
B0642,10,190,338,4.26,370,Developer,NNDVD,20,25.92,Medium
B0643,6,35,309,8.14,178,Developer,E7LRY,14,92.89,Low
B0644,1,237,59,2.83,399,User,SF2C3,10,47.2,Low
B0645,10,184,415,8.78,130,Tester,62H7Y,6,4.69,Medium
B0646,11,176,191,7.76,430,Tester,SCQHL,24,27.4,Medium
B0647,16,149,353,5.87,97,Tester,XX0E3,31,21.19,Low
B0648,11,357,487,5.68,485,Tester,32DWB,32,95.89,Medium
B0649,10,108,383,8.14,493,Developer,LCYCS,38,12.86,Medium
B0650,12,286,464,4.17,170,Tester,WR8PK,37,17.28,High
B0651,8,183,114,9.41,68,Developer,WJUIF,50,66.12,High
B0652,14,308,449,7.96,452,User,NTCC5,2,32.68,Low
B0653,15,26,209,6.0,261,User,E0OQ8,10,10.54,High
B0654,15,445,242,2.73,386,Tester,0D442,29,7.02,Medium
B0655,9,388,388,7.88,262,User,OIQHC,20,48.77,High
B0656,18,484,350,4.32,395,Tester,FOEM2,17,36.57,High
B0657,14,449,22,2.44,199,Tester,0C7GS,3,80.74,High
B0658,1,6,141,5.43,411,Developer,6ZXAL,21,54.99,Medium
B0659,3,174,103,3.03,358,Developer,36YX3,35,27.0,Low
B0660,11,288,127,1.12,258,User,GG3YQ,6,74.63,High
B0661,18,371,330,4.64,305,Developer,RYVOG,42,60.07,High
B0662,4,455,83,1.94,138,Developer,WXB61,41,50.42,High
B0663,3,483,282,8.66,465,Developer,66H3Z,40,82.26,Medium
B0664,8,200,39,9.17,24,User,ZN3SM,28,93.34,Medium
B0665,14,473,135,5.52,345,Tester,67BCU,27,56.35,Low
B0666,20,29,105,9.96,318,Tester,9YKJ2,27,22.85,Low
B0667,3,294,177,5.51,331,User,AYYM2,11,94.75,High
B0668,11,174,155,6.11,60,User,7R6QT,48,76.87,Medium
B0669,6,206,42,2.49,448,Tester,WJQRZ,41,53.42,Medium
B0670,4,166,236,4.49,290,Developer,TP8QV,29,19.82,High
B0671,12,117,473,5.99,215,User,E6WL7,13,59.94,Medium
B0672,8,109,286,3.32,24,Developer,ABE90,22,19.61,Low
B0673,17,302,134,4.82,129,Developer,4H5OH,37,67.5,Medium
B0674,12,353,225,5.11,389,User,9MEGM,0,78.46,Low
B0675,2,293,166,7.57,280,Developer,S36UK,38,90.23,Low
B0676,14,155,353,2.95,405,Developer,5NEPY,42,13.3,High
B0677,8,366,417,1.01,477,User,QYYYQ,8,75.46,Medium
B0678,10,333,462,5.16,335,Tester,I951I,40,46.9,Medium
B0679,1,489,208,1.38,329,Tester,91S7C,43,62.32,Medium
B0680,9,344,229,1.36,144,Tester,N698B,9,72.75,Medium
B0681,8,164,163,5.99,391,Developer,PUKSS,15,23.02,High
B0682,2,109,408,8.26,178,Tester,4W7WM,10,36.44,Low
B0683,13,95,127,9.95,192,User,HRKWG,33,8.28,Low
B0684,16,269,349,7.5,328,User,3NS15,1,74.32,Low
B0685,8,36,217,7.38,37,Tester,AGVC8,34,96.53,Medium
B0686,10,117,174,8.58,36,Developer,0P8YW,50,1.01,Low
B0687,5,53,245,4.72,103,User,38AVR,49,79.9,High
B0688,12,139,27,7.69,394,User,C3332,39,16.01,High
B0689,13,176,48,1.88,420,Tester,HO2PZ,40,6.06,Low
B0690,19,302,296,9.83,407,User,R61CF,24,89.45,High
B0691,15,133,433,6.18,251,User,8G2V3,16,22.55,Low
B0692,11,350,407,2.21,63,Developer,VUR53,31,51.24,Medium
B0693,14,146,73,7.52,190,Developer,BRZD3,37,33.53,High
B0694,2,428,441,9.25,338,User,8OMN3,16,55.87,Low
B0695,3,30,394,1.79,164,User,1WBVN,44,56.43,High
B0696,15,143,62,2.73,225,Tester,GILVB,31,96.58,Medium
B0697,7,488,129,6.91,219,Tester,5Q6BY,4,46.99,Low
B0698,5,362,498,8.85,155,User,CE689,36,31.25,High
B0699,1,46,163,6.02,171,Developer,KK7L7,9,84.27,Low
B0700,7,320,289,1.28,175,User,9J2FN,0,26.09,Medium
B0701,2,337,99,1.09,309,Tester,5JTRX,43,47.83,Medium
B0702,17,474,148,8.27,233,Developer,ALA3D,34,97.62,Low
B0703,2,92,271,2.53,359,Tester,WUH1F,14,25.68,Medium
B0704,13,182,435,3.62,89,User,6GO5V,11,20.98,High
B0705,14,367,423,2.14,358,User,XJG2C,41,9.06,Low
B0706,8,168,479,9.39,425,Developer,PBS6Q,8,91.9,Low
B0707,17,316,343,8.43,489,Tester,QGHLM,13,8.77,Low
B0708,14,34,63,8.59,420,User,OXK8Y,31,78.5,High
B0709,14,65,231,3.36,42,Developer,UWI3B,5,94.35,Medium
B0710,13,87,247,8.97,51,Developer,QD8RJ,24,30.04,Low
B0711,3,439,438,5.68,144,Developer,3BZDW,1,55.51,High
B0712,1,292,95,3.75,473,Developer,K3BOS,37,50.7,High
B0713,13,269,396,6.78,320,Tester,15D2H,36,13.34,High
B0714,13,308,319,3.11,293,User,4S176,23,76.6,Medium
B0715,4,408,385,2.43,405,Tester,85UNP,17,24.55,Low
B0716,11,16,82,1.75,479,Tester,40R2Q,35,56.21,Low
B0717,8,70,93,5.17,158,Developer,W4XGC,0,14.18,Low
B0718,20,64,38,1.75,86,User,OHHWD,20,9.65,High
B0719,4,138,213,7.46,446,User,NCE4E,31,44.16,Medium
B0720,9,489,490,1.34,292,Developer,0RMU5,27,27.09,Medium
B0721,15,438,442,5.8,363,Developer,LLCLJ,33,60.85,Low
B0722,7,146,426,1.22,441,Tester,38OQ7,33,51.85,High
B0723,16,489,31,6.87,181,Developer,4YDGO,36,14.07,Low
B0724,6,188,110,1.17,93,Tester,D6PCP,21,23.33,Low
B0725,19,65,14,7.2,405,User,1I1SU,1,57.07,Medium
B0726,15,367,150,6.33,235,Tester,J3BWY,13,79.71,Medium
B0727,4,245,286,9.66,366,Developer,ZF83X,37,6.24,Low
B0728,20,432,52,2.89,120,User,PD0YW,25,86.52,Low
B0729,6,292,480,4.34,85,Tester,T3MMN,41,28.55,High
B0730,8,364,298,3.82,442,Tester,LQSQU,40,93.72,Medium
B0731,19,352,0,8.35,107,User,O1I0S,8,12.0,Medium
B0732,20,374,472,4.64,37,Tester,TTJXR,43,31.27,Medium
B0733,20,367,4,4.66,182,User,VWR78,31,22.88,Low
B0734,12,93,114,9.06,347,Developer,SV5T2,46,94.77,High
B0735,5,165,189,4.58,449,User,E7C78,25,43.38,Medium
B0736,13,247,54,2.94,213,Tester,MZTZU,8,44.21,Medium
B0737,16,218,454,6.9,459,Developer,CJ982,5,2.55,Medium
B0738,5,398,44,6.68,111,User,SJCMB,35,13.32,High
B0739,12,365,357,5.35,85,Tester,9S9AF,43,72.4,Low
B0740,19,123,158,2.11,121,Tester,83NHP,10,93.43,Low
B0741,3,113,279,4.9,34,Tester,8YP3G,38,48.32,Medium
B0742,7,486,162,8.98,128,User,UDHS0,11,6.04,Medium
B0743,11,105,449,1.43,180,User,0IY4K,42,57.17,High
B0744,6,462,225,5.53,248,User,6XMOT,42,46.91,Low
B0745,14,282,295,6.62,38,User,OX4R4,20,90.17,Medium
B0746,12,451,259,5.85,267,Developer,ERL88,29,70.04,Medium
B0747,4,240,213,9.49,448,Tester,EULYQ,22,61.85,Medium
B0748,16,214,236,9.66,462,User,0DGQR,22,95.48,High
B0749,13,425,57,5.31,477,Tester,9WW3W,32,27.76,Medium
B0750,5,385,11,7.58,253,Tester,GCN2M,34,4.17,Medium
B0751,16,232,43,9.48,40,Tester,GGA5C,47,93.49,High
B0752,20,230,373,9.42,463,User,CKGKF,31,29.25,Low
B0753,3,445,104,6.66,27,Developer,9YADR,3,22.21,Medium
B0754,14,228,154,2.7,118,User,1L68B,42,57.01,High
B0755,10,39,1,5.52,437,Developer,RZMMO,49,26.46,High
B0756,19,117,225,4.62,407,User,7N2KF,14,33.54,High
B0757,9,222,225,2.34,388,User,CU24N,2,5.54,High
B0758,16,237,380,9.09,85,Developer,TFXNS,25,27.95,Low
B0759,10,75,483,8.54,54,User,B8770,40,62.33,Low
B0760,16,35,86,2.81,420,User,ZY8NK,7,80.79,High
B0761,11,107,427,6.5,379,User,FO524,20,9.01,Medium
B0762,20,10,195,4.27,103,Tester,LL9S3,9,24.0,Low
B0763,19,338,302,8.68,216,Developer,UOO3R,21,65.2,Low
B0764,7,366,120,6.46,320,Tester,SJMA4,41,61.41,High
B0765,6,465,426,3.07,413,Tester,28XPI,25,10.13,Medium
B0766,10,124,146,8.94,431,User,MUXWW,27,48.68,High
B0767,18,166,280,3.88,365,User,53C57,42,15.45,High
B0768,5,274,237,1.55,142,Developer,7RHCM,3,97.41,Low
B0769,6,331,160,9.49,491,Tester,OT4KN,4,12.71,High
B0770,6,299,333,8.47,413,User,8XP5H,19,94.27,Low
B0771,17,413,146,7.75,251,User,UI5PJ,42,71.78,High
B0772,10,348,457,6.03,142,User,B61OP,44,40.38,Low
B0773,13,268,445,8.96,185,User,E5PHS,27,24.31,Medium
B0774,15,56,152,7.43,360,User,CCZWZ,22,28.51,High
B0775,10,98,41,1.93,206,Tester,DY3AL,23,92.65,Medium
B0776,3,75,327,2.19,213,User,FV43E,21,19.36,High
B0777,11,356,403,1.57,158,Tester,EMQSK,12,23.35,Low
B0778,4,98,10,9.44,374,User,XCF9S,15,52.02,Low
B0779,19,205,76,3.45,347,User,2PMI0,3,86.5,Low
B0780,15,378,454,4.02,93,User,AUKI0,8,97.5,Medium
B0781,18,300,178,2.38,195,User,CMWM9,3,53.99,Medium
B0782,8,268,56,2.44,300,Developer,DIHWM,6,1.21,High
B0783,3,326,326,9.69,77,User,FDJ12,7,31.55,Medium
B0784,16,459,223,3.58,21,Developer,IYUUI,13,36.06,High
B0785,16,72,32,3.55,104,Developer,12RM6,39,30.21,Medium
B0786,7,282,68,5.68,102,User,M5KI9,0,38.71,High
B0787,5,269,70,9.39,42,Tester,6GUJ7,27,11.02,Medium
B0788,12,259,456,9.76,472,Developer,MDHMT,34,44.98,High
B0789,7,254,334,8.64,275,Tester,QAVFO,23,9.66,High
B0790,2,177,351,7.12,379,User,VF7CD,14,60.96,Medium
B0791,15,82,222,7.04,248,User,8NITY,45,42.7,Low
B0792,1,433,248,9.42,63,Tester,S583J,5,90.12,Medium
B0793,14,194,100,9.94,352,Developer,4I62N,9,45.49,Low
B0794,3,447,495,7.71,270,User,FJYXL,4,41.65,High
B0795,9,466,4,8.25,351,User,QT4Y4,37,63.64,Low
B0796,11,52,184,5.6,410,Tester,LEXXS,16,13.38,Low
B0797,1,325,124,8.45,373,Developer,ZXJPF,41,83.31,Low
B0798,10,346,369,8.52,395,Developer,OD95H,6,7.84,Low
B0799,19,401,98,1.29,479,Tester,CGLNF,10,28.06,Low
B0800,8,374,231,9.14,47,Developer,LJ6WR,15,35.55,Low
B0801,4,401,218,6.34,140,Tester,7PLT2,33,55.55,Medium
B0802,6,404,49,3.56,292,User,IH0VL,4,11.26,Medium
B0803,9,381,402,1.25,288,User,7HK2U,35,65.82,Low
B0804,10,372,241,6.74,56,Developer,EX9AG,21,57.74,High
B0805,11,140,492,1.86,140,User,AOXR9,39,65.24,High
B0806,3,65,416,1.99,464,User,D24L9,1,22.13,High
B0807,12,319,297,5.74,333,Developer,G5E43,48,56.56,Low
B0808,1,320,452,5.33,294,Developer,5Z8VI,22,79.95,Medium
B0809,17,31,321,1.36,314,Tester,8C2F8,37,5.09,Medium
B0810,7,38,425,9.37,346,Tester,B1DG9,45,39.47,High
B0811,17,423,409,2.61,493,Developer,LNKXU,2,41.08,Medium
B0812,19,479,1,7.55,374,Developer,0ILMF,12,50.38,High
B0813,6,249,363,4.07,338,Tester,IMXW2,14,46.25,High
B0814,15,481,398,4.21,105,Tester,TSHCJ,19,69.97,High
B0815,4,277,211,8.32,262,Tester,1JNS1,30,10.61,Medium
B0816,3,99,95,4.44,366,Tester,R6C72,21,18.29,Medium
B0817,3,126,397,3.68,412,Tester,7E1NV,33,34.86,Medium
B0818,15,456,134,2.85,478,Developer,P5FT7,10,66.84,Medium
B0819,5,359,324,8.54,400,Developer,TC27I,21,78.74,Medium
B0820,5,76,57,1.3,136,Developer,KB6Z0,32,18.8,Low
B0821,3,249,225,9.4,210,Tester,1642W,20,9.57,Low
B0822,9,163,194,5.16,262,Developer,Z12X1,9,43.29,Medium
B0823,20,257,406,8.91,301,Developer,LUAT4,40,60.03,Low
B0824,19,95,279,2.54,38,Developer,IIUOQ,44,84.78,High
B0825,16,195,205,1.03,356,Tester,USLV8,18,25.03,Medium
B0826,11,224,8,2.68,304,Developer,9UGBZ,44,16.19,High
B0827,4,464,289,2.67,50,User,9KNGZ,36,62.32,Low
B0828,7,485,265,6.29,280,Developer,CERMJ,14,1.5,High
B0829,13,210,298,7.47,117,Tester,YS3LE,44,98.16,Low
B0830,5,155,193,4.92,104,Developer,SW2YL,4,66.15,High
B0831,2,473,234,8.88,332,User,DCGV0,48,77.17,Medium
B0832,2,202,79,7.09,162,User,FG715,4,21.81,High
B0833,15,366,246,3.27,479,Developer,YJ8A5,6,49.46,Medium
B0834,9,322,461,6.41,292,Developer,XF91O,5,88.47,High
B0835,15,13,185,5.46,410,Tester,L26EF,47,59.87,Medium
B0836,13,305,125,1.11,487,User,75LLT,36,99.2,Medium
B0837,17,81,373,9.63,85,User,2YCY1,21,12.09,Medium
B0838,19,402,219,4.78,42,Tester,5VB0K,22,76.76,High
B0839,5,105,327,8.19,194,Tester,IUHUT,49,35.59,High
B0840,11,454,131,3.88,210,Developer,JXGTJ,39,6.45,Low
B0841,15,352,100,3.74,424,Developer,1IW47,23,59.47,High
B0842,8,235,5,2.04,484,User,W1J0J,44,58.74,Low
B0843,7,189,347,9.26,327,User,86Q2R,32,4.07,High
B0844,16,136,416,9.06,68,Developer,KP6FC,1,38.13,High
B0845,16,456,452,3.41,211,User,AD6U6,14,92.81,Medium
B0846,7,78,378,4.74,146,Developer,Z0HHR,14,54.2,High
B0847,13,324,270,1.87,333,Tester,LF7U6,23,6.35,High
B0848,11,208,139,8.82,470,Developer,XW73R,10,87.04,Low
B0849,10,125,129,4.07,319,User,B5KHZ,50,42.22,Low
B0850,14,316,278,3.46,247,User,J6W0A,12,44.29,Medium
B0851,7,39,261,1.57,344,Tester,YVXME,6,4.37,Low
B0852,5,310,230,8.35,454,Tester,M9062,23,39.28,High
B0853,12,144,3,9.89,411,Tester,W6659,22,23.06,Low
B0854,16,395,174,7.24,164,Tester,WEK92,24,62.85,High
B0855,15,258,10,3.82,485,Developer,P8RZE,41,95.59,Low
B0856,5,486,305,3.98,263,Tester,C883D,27,49.73,High
B0857,9,66,67,1.53,284,Developer,JXAFQ,39,3.81,High
B0858,20,160,219,4.35,437,Tester,8KX0E,19,89.57,Low
B0859,19,213,387,5.41,327,Developer,4L5R3,14,65.21,Low
B0860,11,425,371,1.74,460,Tester,TBHO5,28,88.29,Low
B0861,10,308,282,1.17,164,User,GPXCQ,2,31.07,High
B0862,2,250,224,5.75,239,User,Z3BI7,12,2.26,High
B0863,13,343,172,7.9,282,Tester,OOE49,24,11.91,Low
B0864,13,273,288,1.19,322,User,Q3FR8,17,87.03,High
B0865,3,437,76,4.58,381,Developer,YIP2U,45,74.23,High
B0866,2,153,4,5.32,456,Tester,LZKFE,44,51.16,High
B0867,9,212,275,7.45,279,Developer,GDJSY,24,94.92,High
B0868,11,232,89,8.95,75,Developer,XKJBZ,17,33.89,Low
B0869,18,454,23,6.6,297,Tester,B7TV1,8,28.13,Medium
B0870,6,478,331,4.3,345,User,P2MLD,2,81.04,Medium
B0871,3,387,347,6.28,83,Developer,E9ILM,35,83.87,High
B0872,14,10,437,8.45,238,Tester,L4Z22,45,26.34,Low
B0873,17,100,325,2.84,197,Developer,9ZDLJ,44,21.21,Low
B0874,8,118,254,4.83,254,Developer,PZ8EL,37,40.74,Low
B0875,15,229,116,9.78,116,User,28MT7,16,44.66,Medium
B0876,4,107,314,6.82,221,Tester,CT5AG,7,69.15,Low
B0877,5,232,440,7.86,32,Developer,Z1K6M,33,78.63,High
B0878,8,274,252,9.33,275,User,GSKN9,23,72.15,Low
B0879,6,227,406,6.5,414,User,NRMCF,7,95.18,Medium
B0880,18,232,335,8.65,247,Tester,A52JX,11,13.86,High
B0881,6,269,482,6.13,460,User,HK0YW,21,20.82,Medium
B0882,6,39,408,1.55,133,Developer,PUU1X,17,99.56,Low
B0883,19,336,47,6.97,425,User,OQDKY,46,27.79,Medium
B0884,17,459,404,3.7,473,Developer,87AGS,3,64.86,Low
B0885,19,212,419,6.06,217,Tester,HUFNU,24,92.69,Medium
B0886,12,173,365,7.21,70,Developer,KV0ZC,19,13.08,Medium
B0887,1,22,410,8.27,221,User,E89CQ,36,57.16,Low
B0888,18,430,276,3.78,488,User,9ACK1,7,76.68,Low
B0889,18,250,350,1.93,109,Developer,DJR1G,29,59.29,Low
B0890,17,126,435,9.8,324,Developer,WSD19,39,23.55,Medium
B0891,20,137,281,5.7,429,User,9CH5Y,40,74.08,Medium
B0892,14,322,135,5.43,135,Tester,OTYJ5,30,39.79,Low
B0893,17,48,358,9.47,108,User,ZTERJ,49,37.95,Medium
B0894,18,106,349,3.52,133,Developer,HYFNI,48,43.52,Low
B0895,18,325,211,1.01,459,User,B275B,21,5.48,High
B0896,5,379,500,7.87,493,User,XM1MO,40,13.04,Medium
B0897,9,18,83,5.94,317,User,AA9BD,29,31.71,High
B0898,15,393,14,1.93,439,User,G5NOD,4,76.53,High
B0899,11,254,289,7.14,416,Developer,VI2YZ,35,63.94,Low
B0900,15,205,433,1.45,412,Developer,AK02E,22,16.83,Medium
B0901,9,79,89,4.72,399,Tester,QNV6P,4,62.68,Low
B0902,16,183,429,8.89,136,User,Y6HCB,3,38.56,Low
B0903,17,130,223,6.92,300,Developer,FHMHP,23,6.67,Low
B0904,9,335,84,9.24,336,Tester,WX563,10,45.92,Low
B0905,8,42,209,1.35,411,Tester,ZDQB0,23,95.22,Low
B0906,15,28,207,7.7,414,User,QLN8G,26,78.16,Low
B0907,7,370,212,5.94,439,User,LLC30,11,38.93,Medium
B0908,8,439,66,7.05,294,User,XP27Z,2,47.51,Medium
B0909,11,464,487,3.88,248,Developer,CX5P0,9,53.15,Medium
B0910,4,411,287,9.65,476,Developer,49Y6E,49,79.88,High
B0911,8,340,106,9.12,410,Developer,55UTH,45,37.88,Medium
B0912,2,133,34,4.02,181,Tester,TYUKL,46,31.71,Low
B0913,11,264,71,2.21,380,Developer,P1I2Z,6,87.02,Medium
B0914,15,234,249,1.41,149,User,P449A,27,98.4,Medium
B0915,7,381,27,3.56,205,Tester,U1TYA,36,66.18,Low
B0916,16,355,171,7.99,381,Tester,UFIKK,0,52.53,High
B0917,8,134,365,6.82,162,Tester,9ZMHN,33,21.28,Low
B0918,13,183,87,6.12,245,Developer,WBB8E,1,8.24,Medium
B0919,12,91,389,4.91,295,Developer,6PQTT,27,99.99,Low
B0920,18,364,303,6.72,42,Developer,5TO1R,30,85.66,Low
B0921,3,376,288,9.73,322,Developer,CUF3L,0,37.7,Medium
B0922,10,408,223,9.47,99,User,7D77E,1,88.46,Medium
B0923,7,470,258,2.26,157,User,LG9G9,27,50.97,High
B0924,8,240,395,3.63,102,Tester,6YM7K,21,69.16,Low
B0925,4,426,416,6.75,32,User,JOKNG,14,76.67,High
B0926,9,497,138,4.64,234,User,V90QM,19,62.56,Medium
B0927,9,180,378,4.34,260,User,N38XF,22,87.63,High
B0928,17,314,406,1.86,192,Developer,TDT92,49,98.19,Low
B0929,6,343,91,7.36,153,Tester,2OA77,30,25.56,Medium
B0930,8,427,157,1.74,192,Tester,XVO9P,10,29.74,High
B0931,12,226,176,5.01,154,Tester,LLEY4,27,58.99,Medium
B0932,20,50,74,4.94,159,Developer,KC9G0,44,84.64,High
B0933,19,266,177,6.28,128,User,7R3VU,33,35.62,High
B0934,20,399,340,1.84,115,Tester,9I5QK,12,7.23,Medium
B0935,4,96,409,8.58,284,Developer,0SR4B,37,1.5,High
B0936,6,424,14,9.58,404,User,40BWQ,23,32.49,High
B0937,8,241,242,3.47,293,Tester,7FPHN,25,74.45,High
B0938,7,103,13,5.5,72,Developer,W522I,24,33.27,High
B0939,7,94,48,7.68,184,User,9K39L,9,68.25,High
B0940,9,349,19,4.82,340,Developer,AE7GU,9,54.23,High
B0941,17,231,326,9.98,449,User,A07RE,5,93.37,Low
B0942,16,299,73,8.06,339,User,8YIQX,11,50.5,Low
B0943,6,467,230,8.33,294,User,GE15I,10,34.98,Low
B0944,3,109,237,2.61,21,Developer,JHMCH,36,85.81,High
B0945,7,438,255,9.31,431,Tester,XI4QP,34,23.54,Medium
B0946,13,408,264,3.88,286,Tester,S2GMQ,7,39.28,Low
B0947,16,303,146,3.9,306,User,UAPG3,37,83.57,Medium
B0948,2,281,455,3.89,337,User,D79ID,25,65.63,Low
B0949,10,90,279,8.9,93,Developer,1Y3VA,5,55.78,High
B0950,14,452,496,5.07,205,Developer,MJVBW,12,43.43,Medium
B0951,9,178,212,2.38,290,Tester,64CHJ,26,6.9,Low
B0952,11,344,409,10.0,189,Developer,NFWLR,22,97.38,Medium
B0953,4,175,233,7.53,398,Tester,LQJ0B,1,76.91,Medium
B0954,20,488,36,4.18,251,User,F64TO,14,51.12,High
B0955,6,288,343,1.75,478,Tester,TT6BH,46,6.65,Medium
B0956,13,192,400,5.4,215,Tester,DLKH3,37,77.69,Medium
B0957,7,60,26,3.47,56,User,WLM9X,8,44.85,High
B0958,19,430,419,3.77,372,Tester,FV406,48,14.75,High
B0959,6,328,181,9.07,142,User,PSM4N,37,49.47,High
B0960,15,297,223,2.01,218,User,RPYTW,30,90.0,Low
B0961,19,110,493,3.47,206,User,VQ2F7,36,38.44,High
B0962,11,241,122,3.54,126,Developer,7VANS,40,69.48,Medium
B0963,4,459,27,4.28,282,Developer,C1CJF,0,79.59,High
B0964,11,254,500,3.41,323,User,T9AOI,49,45.29,Medium
B0965,17,437,272,7.02,462,Tester,HNJMD,18,65.82,Low
B0966,2,407,393,4.73,178,Tester,AAXBK,40,16.54,Low
B0967,10,433,254,8.3,397,User,KUDWV,8,57.11,High
B0968,15,76,316,8.23,345,Developer,8BMK1,31,94.51,High
B0969,3,16,421,1.38,500,User,8M8W4,15,23.04,Medium
B0970,12,460,79,9.03,169,User,2YHKE,16,91.3,Medium
B0971,5,32,285,2.82,162,User,EYB45,40,45.6,High
B0972,8,174,446,6.46,235,Tester,TTO1B,38,90.34,Medium
B0973,20,468,162,7.71,176,User,BDUK9,44,84.48,High
B0974,17,381,129,5.15,405,Tester,G287E,14,99.92,Medium
B0975,11,86,111,8.73,391,Tester,H7AVN,36,14.63,High
B0976,16,324,450,6.95,245,Developer,6W0YE,47,31.46,Medium
B0977,3,464,391,4.08,435,Tester,S7TGC,34,66.33,High
B0978,16,176,488,4.7,209,User,L5QU1,42,8.24,Medium
B0979,5,295,44,7.99,132,Developer,JRV4E,24,60.46,Low
B0980,18,416,399,3.18,61,User,7WZTO,2,15.39,High
B0981,16,455,311,1.32,210,Tester,IB0PK,48,49.24,High
B0982,12,61,449,5.2,80,Developer,UCQ7A,13,34.88,Medium
B0983,3,233,346,4.93,257,Developer,6KZ78,20,19.05,High
B0984,13,452,473,3.83,150,Tester,9F47A,7,39.16,High
B0985,10,295,55,7.18,234,Developer,EG2TK,42,91.44,Low
B0986,7,101,441,7.19,364,User,S3CPF,33,20.8,Low
B0987,7,444,269,2.32,214,Tester,Z5GC0,30,89.46,Medium
B0988,14,401,410,3.0,259,User,PBLZK,44,42.24,Low
B0989,10,307,257,8.99,297,User,KKF51,35,4.32,Low
B0990,17,367,44,3.87,153,Developer,IT2CG,13,24.12,Medium
B0991,20,352,31,8.1,323,Developer,T2Z5C,22,94.29,High
B0992,15,170,21,7.37,440,Tester,SPVKH,44,45.28,Low
B0993,4,75,432,3.58,26,Tester,ABF0A,15,81.21,Medium
B0994,9,71,147,5.75,498,Tester,W12NZ,9,60.02,Medium
B0995,19,192,361,8.75,46,User,S2VKO,10,29.06,Medium
B0996,5,400,450,7.92,133,User,IVW1E,7,71.74,Medium
B0997,4,398,254,4.12,228,Developer,RA113,21,24.1,Low
B0998,8,344,89,8.11,78,User,S91PJ,23,56.92,Low
B0999,20,195,95,4.57,260,Tester,743KM,10,51.77,High
B1000,14,327,77,8.61,417,User,K1X9P,32,88.79,High
